{"cameraMode":{"drawMode":0,"name":"Shaded","section":"Shading Mode"},"sceneLighting":true,"audioPlay":false,"sceneViewState":{"m_AlwaysRefresh":true,"showFog":true,"showSkybox":true,"showFlares":true,"showImageEffects":true,"showParticleSystems":true,"showVisualEffectGraphs":true,"m_FxEnabled":true},"in2DMode":false,"pivot":{"x":1.1112322807312012,"y":0.7836062908172607,"z":-0.8670239448547363},"rotation":{"x":-0.22128722071647645,"y":0.5199466347694397,"z":-0.14155641198158265,"w":-0.8128036260604858},"size":1.667628288269043,"orthographic":false}